accuracy,precision,recall,f1,tn,fp,fn,tp,threshold,roc_auc_score,auc,observed,expected,oe_ratio,brier_score,log_loss,ece,calibration_intercept,calibration_slope,model,imputation,best_cv_auc
0.8266666666666667,0.43902439024390244,0.8571428571428571,0.5806451612903226,106,23,3,18,0.5,0.9110372831303064,0.9110372831303064,21,50.03381430064161,0.4197161518371528,0.12134155031563164,0.38893138213653905,0.1935587620042774,-1.8811168421217643,1.229571710797741,LogisticRegression_tuned,1,0.9004786138900972
0.8133333333333334,0.4186046511627907,0.8571428571428571,0.5625,104,25,3,18,0.5,0.9095607235142119,0.9095607235142119,21,56.84790935290307,0.3694067246982687,0.13533768157323445,0.4351902893384723,0.24022213536302148,-2.0379643194200825,1.814021585383433,LogisticRegression_tuned,2,0.8955776424532406
0.82,0.42857142857142855,0.8571428571428571,0.5714285714285714,105,24,3,18,0.5,0.9132521225544481,0.9132521225544481,21,56.74635670399998,0.37006781086475876,0.134721258127106,0.43137360485497167,0.23830904469333325,-2.0711437246018485,1.8401363134440962,LogisticRegression_tuned,3,0.9009850659707119
0.82,0.42857142857142855,0.8571428571428571,0.5714285714285714,105,24,3,18,0.5,0.902547065337763,0.902547065337763,21,56.86494172744435,0.3692960787800282,0.13781163878274402,0.4369617250537247,0.25277209894481134,-1.9894075910605196,1.7909548767333754,LogisticRegression_tuned,4,0.9087551109177904
0.8133333333333334,0.4146341463414634,0.8095238095238095,0.5483870967741935,105,24,4,17,0.5,0.9018087855297158,0.9018087855297158,21,57.49142100763787,0.36527188982178926,0.14097911216682968,0.4472287701282193,0.24327614005091916,-1.9815713972334308,1.7174968656010918,LogisticRegression_tuned,5,0.8941609757865739
0.7666666666666667,0.36,0.8571428571428571,0.5070422535211268,97,32,3,18,0.5,0.9080841638981173,0.9080841638981173,21,67.84640147310657,0.3095226798185329,0.18047345087182995,0.5471701510830164,0.31723877998711575,-2.4004792529685273,3.4611256974230846,LogisticRegression_tuned,6,0.8975703204291721
0.8266666666666667,0.43902439024390244,0.8571428571428571,0.5806451612903226,106,23,3,18,0.5,0.9102990033222591,0.9102990033222591,21,56.8996657879245,0.36907070910171696,0.13527505725877007,0.4338521146449017,0.23933110525283,-2.0552924096891276,1.8096954999161898,LogisticRegression_tuned,7,0.9031306365086269
0.76,0.3469387755102041,0.8095238095238095,0.4857142857142857,97,32,4,17,0.5,0.8962716869693614,0.8962716869693614,21,67.9142253352226,0.3092135689738729,0.18396147677799335,0.5546129205500769,0.3176630747489566,-2.27418344437703,3.1128722982267836,LogisticRegression_tuned,8,0.8976050094243874
0.8333333333333334,0.45,0.8571428571428571,0.5901639344262295,107,22,3,18,0.5,0.9021779254337393,0.9021779254337393,21,55.921153180118225,0.3755287365473389,0.13364789625096052,0.42947021105884287,0.23359053910774102,-1.8809050938383405,1.7754118642238046,LogisticRegression_tuned,9,0.9090124329418587
0.8466666666666667,0.47368421052631576,0.8571428571428571,0.6101694915254238,109,20,3,18,0.5,0.908453303802141,0.908453303802141,21,50.28033124201001,0.4176583463406894,0.12325261290049758,0.38950958342043684,0.19520220828006674,-1.9165923047098015,1.220901416502576,LogisticRegression_tuned,10,0.9003550094243874
0.8466666666666667,0.4722222222222222,0.8095238095238095,0.5964912280701754,110,19,4,17,0.5,0.893687707641196,0.893687707641196,21,49.88149445725827,0.42099781148285714,0.11789242729350397,0.3917772282056632,0.19254329638172177,-1.6743075786642572,1.3833011770515486,CatBoost_tuned,1,0.8967406481078729
0.84,0.4594594594594595,0.8095238095238095,0.5862068965517241,109,20,4,17,0.5,0.8966408268733849,0.8966408268733849,21,49.64014155314784,0.4230447243490651,0.11684701429985031,0.3864314117577821,0.19093427702098562,-1.720505835332835,1.398295987374057,CatBoost_tuned,2,0.9025675293605916
0.84,0.4594594594594595,0.8095238095238095,0.5862068965517241,109,20,4,17,0.5,0.8984865263935031,0.8984865263935031,21,49.710431112856874,0.4224465475329313,0.11736777715079408,0.3868906549860831,0.19140287408571255,-1.7501520371158128,1.3814404401895608,CatBoost_tuned,3,0.9092359359141655
0.86,0.5,0.8095238095238095,0.6181818181818182,112,17,4,17,0.5,0.8929494278331488,0.8929494278331488,21,50.21019356321197,0.4182417654606751,0.11768728209384555,0.3894291257029454,0.19473462375474648,-1.7189954130436451,1.4328299923850947,CatBoost_tuned,4,0.9048898796578222
0.8466666666666667,0.47058823529411764,0.7619047619047619,0.5818181818181818,111,18,5,16,0.5,0.8866740494647471,0.8866740494647471,21,50.39393178403138,0.4167168398369423,0.12323547973035412,0.4035786006541056,0.19595954522687586,-1.6462861869212941,1.3189340977680104,CatBoost_tuned,5,0.8962828403653761
0.86,0.5,0.8095238095238095,0.6181818181818182,112,17,4,17,0.5,0.9007013658176449,0.9007013658176449,21,50.03194363063501,0.4197318448196666,0.11512900995910574,0.38483739103090747,0.19354629087090014,-1.7299706661870988,1.4403934185449419,CatBoost_tuned,6,0.9047552921560099
0.8733333333333333,0.5333333333333333,0.7619047619047619,0.6274509803921569,115,14,5,16,0.5,0.8959025470653378,0.8959025470653378,21,39.36313268779741,0.5334941242242646,0.0971080872550636,0.32259973420056154,0.1224208845853161,-1.4374967844837858,0.9376308687992025,CatBoost_tuned,7,0.9118595403798754
0.8266666666666667,0.43243243243243246,0.7619047619047619,0.5517241379310345,108,21,5,16,0.5,0.8792912513842747,0.8792912513842747,21,49.93113753660446,0.42057924245376793,0.12289922215521297,0.4023912393324477,0.19287425024402977,-1.6439184291903965,1.2756073713878198,CatBoost_tuned,8,0.8980446933449325
0.8533333333333334,0.4857142857142857,0.8095238095238095,0.6071428571428571,111,18,4,17,0.5,0.893687707641196,0.893687707641196,21,49.33564742446904,0.42565570933573305,0.11450829848401273,0.38193248900682697,0.18890431616312695,-1.6769185421072235,1.4415437802211764,CatBoost_tuned,9,0.9068504784688995
0.8466666666666667,0.4722222222222222,0.8095238095238095,0.5964912280701754,110,19,4,17,0.5,0.9010705057216685,0.9010705057216685,21,49.60300714805507,0.4233614292238209,0.11647475061627473,0.38592431068988226,0.19068671432036707,-1.7148814779331947,1.3765247589840657,CatBoost_tuned,10,0.9036947948383356
0.8933333333333333,0.6923076923076923,0.42857142857142855,0.5294117647058824,125,4,12,9,0.5,0.8984865263935031,0.8984865263935031,21,20.776427106931806,1.0107608922322164,0.07392730166336951,0.2504995532195382,0.042196170998116324,0.24797345808208623,1.1805504573283638,XGBoost_tuned,1,0.8989338118022328
0.9,0.75,0.42857142857142855,0.5454545454545454,126,3,12,9,0.5,0.9018087855297158,0.9018087855297158,21,20.522120794281363,1.0232860536446995,0.0676947260410759,0.23705501632045003,0.02720440739144882,0.38956573709352205,1.2702018764195473,XGBoost_tuned,2,0.8993231114977526
0.9,0.6875,0.5238095238095238,0.5945945945945946,124,5,10,11,0.5,0.8940568475452196,0.8940568475452196,21,21.675163151696324,0.9688508387701116,0.07059360998688552,0.2459081153867414,0.023104447536170483,-0.061401148129822294,1.0008274847161835,XGBoost_tuned,3,0.9092964332318398
0.9133333333333333,0.8333333333333334,0.47619047619047616,0.6060606060606061,127,2,11,10,0.5,0.9010705057216685,0.9010705057216685,21,20.676989329978824,1.015621745741913,0.06784928583357283,0.2404249027173511,0.025025876450041933,0.3310627157546432,1.2378629960432361,XGBoost_tuned,4,0.9044333768305058
0.9,0.7142857142857143,0.47619047619047616,0.5714285714285714,125,4,11,10,0.5,0.8951642672572905,0.8951642672572905,21,20.781243903562427,1.0105266122399956,0.07483456156587481,0.256431266391859,0.011244419726232685,0.20476154554239004,1.139441259261966,XGBoost_tuned,5,0.8961051906626067
0.9,0.6875,0.5238095238095238,0.5945945945945946,124,5,10,11,0.5,0.9066076042820229,0.9066076042820229,21,20.688935443758965,1.01503530991658,0.06696438202731986,0.23253469283446587,0.010546695093313855,0.11536217197152841,1.0685923144808342,XGBoost_tuned,6,0.9082451790633609
0.9066666666666666,0.7692307692307693,0.47619047619047616,0.5882352941176471,126,3,11,10,0.5,0.9043927648578811,0.9043927648578811,21,20.897801976650953,1.004890371889983,0.07149406648533621,0.24844526004321116,0.045649811501304316,0.5631678229934541,1.4209677913032583,XGBoost_tuned,7,0.9069887269827461
0.88,0.6153846153846154,0.38095238095238093,0.47058823529411764,124,5,13,8,0.5,0.8929494278331487,0.8929494278331487,21,20.30399814248085,1.0342790544322866,0.07604101277119392,0.2589834330900167,0.02368795057137807,0.24179633668981973,1.1334369050980593,XGBoost_tuned,8,0.8980052921560098
0.9,0.75,0.42857142857142855,0.5454545454545454,126,3,12,9,0.5,0.8918420081210777,0.8918420081210777,21,19.502628905698657,1.0767779103802673,0.0722306858026966,0.24872729434531646,0.050194554018477604,0.45942010723229426,1.2326969296112271,XGBoost_tuned,9,0.9102395969261998
0.9,0.6875,0.5238095238095238,0.5945945945945946,124,5,10,11,0.5,0.9040236249538575,0.9040236249538575,21,20.883093090727925,1.0055981606155835,0.06859063400776627,0.24020290330948904,0.019425174606343115,0.24792214769738763,1.182781722232167,XGBoost_tuned,10,0.9011435406698564
0.8866666666666667,0.6,0.5714285714285714,0.5853658536585366,121,8,9,12,0.5,0.8933185677371723,0.8933185677371723,21,22.72890070832255,0.9239338175431651,0.08256879460538619,0.35300640107619585,0.07375911178715974,-0.943924581048194,0.3350705307755896,GaussianNB_tuned,1,0.8701688415253008
0.9,0.65,0.6190476190476191,0.6341463414634146,122,7,8,13,0.5,0.896640826873385,0.896640826873385,21,22.524089375097603,0.9323351390719209,0.07467258745705917,0.34007922612466845,0.055968085103911866,-0.8891142838040926,0.3450575840829339,GaussianNB_tuned,2,0.8617482601130927
0.9066666666666666,0.6666666666666666,0.6666666666666666,0.6666666666666666,122,7,7,14,0.5,0.8940568475452196,0.8940568475452196,21,22.53354105908692,0.931944071503644,0.07578714006743902,0.3393952547538164,0.05968535781622597,-0.8722358085328161,0.3414795265591876,GaussianNB_tuned,3,0.8626277004494707
0.9066666666666666,0.6521739130434783,0.7142857142857143,0.6818181818181818,121,8,6,15,0.5,0.8911037283130306,0.8911037283130306,21,23.955372661277753,0.8766300694601628,0.07820168348469801,0.36012888778704827,0.0657949787367225,-0.9725690439857042,0.33887716311321514,GaussianNB_tuned,4,0.877148615340003
0.8933333333333333,0.6086956521739131,0.6666666666666666,0.6363636363636364,120,9,7,14,0.5,0.88187523071244,0.88187523071244,21,24.887483516409276,0.8437976457585152,0.09235629195841115,0.4276310180614042,0.07471841746729066,-1.074007060670074,0.2928612659792606,GaussianNB_tuned,5,0.8610527403218791
0.9133333333333333,0.7,0.6666666666666666,0.6829268292682927,123,6,7,14,0.5,0.8944259874492432,0.8944259874492432,21,22.770367010415917,0.9222512746673739,0.07451728591282397,0.33956344170285485,0.0583637365881588,-1.0003840662053278,0.3381980211377245,GaussianNB_tuned,6,0.8712220168189069
0.9133333333333333,0.6818181818181818,0.7142857142857143,0.6976744186046512,122,7,6,15,0.5,0.8970099667774087,0.8970099667774087,21,23.32183191697294,0.9004438448386561,0.07187370121488844,0.33648791816712453,0.04339167833899478,-0.9643749627259139,0.33993885484108016,GaussianNB_tuned,7,0.8789801181673191
0.8933333333333333,0.6190476190476191,0.6190476190476191,0.6190476190476191,121,8,8,13,0.5,0.890734588409007,0.890734588409007,21,23.452866697801497,0.8954129262999038,0.08181449676948613,0.34904838522301807,0.05878104889019892,-0.9187793546850601,0.34296688604481645,GaussianNB_tuned,8,0.8729402820066696
0.8866666666666667,0.5909090909090909,0.6190476190476191,0.6046511627906976,120,9,8,13,0.5,0.8726467331118494,0.8726467331118494,21,21.31155320266788,0.9853810184689458,0.08046630085875695,0.382407851655135,0.07535155740144256,-0.8370849199509316,0.3143785092353173,GaussianNB_tuned,9,0.8713323727707699
0.88,0.5652173913043478,0.6190476190476191,0.5909090909090909,119,10,8,13,0.5,0.8844592100406053,0.8844592100406053,21,23.913065285191987,0.878181017345531,0.09114543258177275,0.39583292949232796,0.08576374613885965,-1.0009220745559984,0.30662781661647326,GaussianNB_tuned,10,0.8756029433086848
0.8666666666666667,0.5161290322580645,0.7619047619047619,0.6153846153846154,114,15,5,16,0.5,0.8968253968253969,0.8968253968253969,21,44.09366120724143,0.4762589321240397,0.10678595899139844,0.35968308195756227,0.15395774138160956,-1.4882618869057573,1.0638940652532949,LightGBM_tuned,1,0.8917508518196315
0.86,0.5,0.7142857142857143,0.5882352941176471,114,15,6,15,0.5,0.9036544850498339,0.9036544850498339,21,44.771758699507615,0.46904567991051355,0.10826392206070376,0.3579713923152958,0.15847839133005076,-1.5933887934108528,1.1055454976900034,LightGBM_tuned,2,0.8977420436421634
0.8466666666666667,0.46875,0.7142857142857143,0.5660377358490566,112,17,6,15,0.5,0.8899963086009596,0.8899963086009596,21,40.66035131772871,0.5164736486387315,0.10318239151036429,0.3378890866884275,0.13106900878485805,-1.4041222091151295,0.992713030919208,LightGBM_tuned,3,0.9069984051036682
0.86,0.5,0.7142857142857143,0.5882352941176471,114,15,6,15,0.5,0.8942414174972314,0.8942414174972314,21,44.63034108466548,0.4705319181890676,0.11255094493359451,0.3638651301268309,0.15753560723110324,-1.530347752167648,1.0876268367145434,LightGBM_tuned,4,0.9037438741481804
0.8333333333333334,0.4411764705882353,0.7142857142857143,0.5454545454545454,110,19,6,15,0.5,0.8925802879291251,0.8925802879291251,21,45.60047742836894,0.4605214941661004,0.11269864359539715,0.3685250785597161,0.16400318285579293,-1.557007917032282,1.1001727648506399,LightGBM_tuned,5,0.8877042192257504
0.88,0.5555555555555556,0.7142857142857143,0.625,117,12,6,15,0.5,0.9090070136581765,0.9090070136581765,21,43.5302488891642,0.48242315483813925,0.10059817203488125,0.3410358099548543,0.15020165926109466,-1.5058417938103539,1.1254368739021359,LightGBM_tuned,6,0.9044498513846598
0.8666666666666667,0.5161290322580645,0.7619047619047619,0.6153846153846154,114,15,5,16,0.5,0.8977482465854558,0.8977482465854558,21,45.11885906765382,0.4654373012515983,0.10735983379888249,0.3566064033768304,0.1607923937843588,-1.5884961798222657,1.1284114273329795,LightGBM_tuned,7,0.9005007612005219
0.86,0.5,0.6666666666666666,0.5714285714285714,115,14,7,14,0.5,0.8899963086009597,0.8899963086009597,21,45.09196460364748,0.4657149047416158,0.1128371694230083,0.37253518926892953,0.1606130973576499,-1.5133776735349551,1.0508983116448332,LightGBM_tuned,8,0.892325902566333
0.88,0.5517241379310345,0.7619047619047619,0.64,116,13,5,16,0.5,0.9091915836101883,0.9091915836101883,21,42.83321057288107,0.49027377866686694,0.10033057127318924,0.33719079007845815,0.14555473715254044,-1.4078268540158727,1.170301459248701,LightGBM_tuned,9,0.9089712918660287
0.86,0.5,0.7142857142857143,0.5882352941176471,114,15,6,15,0.5,0.91140642303433,0.91140642303433,21,44.023652031803394,0.4770163089793019,0.10227361863104077,0.34607484563624447,0.15349101354535602,-1.518581401761089,1.1263539106082967,LightGBM_tuned,10,0.8955529759315646
0.88,0.56,0.6666666666666666,0.6086956521739131,118,11,7,14,0.5,0.8922111480251015,0.8922111480251015,21,32.74475075514344,0.6413241669491525,0.08256027893360922,0.2792743293508889,0.07829833836762293,-0.7802115421493623,1.1496301738172168,RandomForest_tuned,1,0.9020601167174134
0.8866666666666667,0.5666666666666667,0.8095238095238095,0.6666666666666666,116,13,4,17,0.5,0.896640826873385,0.896640826873385,21,39.20914018571509,0.5355894034027006,0.0914465101337404,0.30888242353434087,0.12139426790476732,-1.1786852230988323,1.238415742043062,RandomForest_tuned,2,0.9037744671596346
0.8866666666666667,0.5833333333333334,0.6666666666666666,0.6222222222222222,119,10,7,14,0.5,0.875968992248062,0.875968992248062,21,30.963552982619053,0.6782167412049919,0.08151200448957129,0.27754288872993377,0.0664236865507937,-0.7606549692356226,1.0093955305521476,RandomForest_tuned,3,0.9092157097288677
0.8733333333333333,0.55,0.5238095238095238,0.5365853658536586,120,9,10,11,0.5,0.8863049095607235,0.8863049095607235,21,28.205088250450732,0.7445465092513727,0.07758267811762373,0.2646950373403889,0.05601917591978692,-0.44908284877544774,1.1286914169124629,RandomForest_tuned,4,0.9091562635928664
0.8866666666666667,0.5714285714285714,0.7619047619047619,0.6530612244897959,117,12,5,16,0.5,0.8999630860095976,0.8999630860095976,21,43.525431359124816,0.4824765509325042,0.10324198853949715,0.34945325089084067,0.15016954239416547,-1.2079326427040376,1.3597525499655232,RandomForest_tuned,5,0.900164636798608
0.8933333333333333,0.6086956521739131,0.6666666666666666,0.6363636363636364,120,9,7,14,0.5,0.887781469176818,0.887781469176818,21,33.02976788548524,0.6357901173513344,0.08137962639450665,0.28081267738706556,0.08019845256990166,-0.836765638540107,1.1094050201477783,RandomForest_tuned,6,0.9109396476729013
0.8933333333333333,0.6086956521739131,0.6666666666666666,0.6363636363636364,120,9,7,14,0.5,0.8870431893687708,0.8870431893687708,21,29.206716198303504,0.7190127043868013,0.07915616439618427,0.26968247271198564,0.05471144132202334,-0.5973062843032728,1.0530466373982985,RandomForest_tuned,7,0.9154336305640133
0.8733333333333333,0.55,0.5238095238095238,0.5365853658536586,120,9,10,11,0.5,0.8567737172388334,0.8567737172388334,21,28.434107521118722,0.7385496444508686,0.08489738729723136,0.2887878375099778,0.05895341118860892,-0.5457641098727471,0.9990715120549083,RandomForest_tuned,8,0.9039053936494128
0.8933333333333333,0.6086956521739131,0.6666666666666666,0.6363636363636364,120,9,7,14,0.5,0.899593946105574,0.899593946105574,21,33.33778519104126,0.6299158711252135,0.0796995098134919,0.27488791185211486,0.08328005757067089,-0.78145279413781,1.2260691867107687,RandomForest_tuned,9,0.9105989923154993
0.88,0.56,0.6666666666666666,0.6086956521739131,118,11,7,14,0.5,0.8903654485049834,0.8903654485049834,21,33.24046496603161,0.6317601159147405,0.08406985444744591,0.2822318224077562,0.08160309977354403,-0.848953640377046,1.1022478315631365,RandomForest_tuned,10,0.9053082862113963
0.9,0.6666666666666666,0.5714285714285714,0.6153846153846154,123,6,9,12,0.5,0.9097452934662236,0.9097452934662236,21,23.150009334815614,0.9071270640231585,0.07672755073826715,0.2572551700167327,0.03922322708558001,-0.1335103974902099,1.0511455011150868,SVC_tuned,1,0.8999768740031898
0.9333333333333333,0.8235294117647058,0.6666666666666666,0.7368421052631579,126,3,7,14,0.5,0.9150978220745662,0.9150978220745662,21,21.68320013088207,0.9684917296912724,0.06735124566283798,0.2342082878690788,0.031193380116629633,0.09929634810239801,1.1705679776958517,SVC_tuned,2,0.8927535522691026
0.9266666666666666,0.7777777777777778,0.6666666666666666,0.717948717948718,125,4,7,14,0.5,0.9195275009228498,0.9195275009228498,21,22.435435864627205,0.9360192566220483,0.0669835716943121,0.23096684386971708,0.024933471152748972,-0.03748231042879846,1.1052426860600544,SVC_tuned,3,0.8964787951283167
0.9133333333333333,0.7,0.6666666666666666,0.6829268292682927,123,6,7,14,0.5,0.9106681432262828,0.9106681432262828,21,22.82667553803615,0.9199762779738839,0.0721167225858122,0.24753111154868898,0.05128391078188479,-0.08401889650055788,1.0864005114401456,SVC_tuned,4,0.9040565463244888
0.88,0.5789473684210527,0.5238095238095238,0.55,121,8,10,11,0.5,0.8995939461055741,0.8995939461055741,21,23.360734649614702,0.8989443318019265,0.08110527143664133,0.2720461062578887,0.05302843348180497,-0.21395567550173047,0.9645596660625048,SVC_tuned,5,0.8895054733942294
0.9133333333333333,0.7,0.6666666666666666,0.6829268292682927,123,6,7,14,0.5,0.9139904023624954,0.9139904023624954,21,23.157031215941537,0.9068519968804717,0.0722208534634008,0.24798455033531705,0.0459094108854166,-0.12086770522889402,1.0783856107472405,SVC_tuned,6,0.8936803320284181
0.8866666666666667,0.6,0.5714285714285714,0.5853658536585366,121,8,9,12,0.5,0.9132521225544481,0.9132521225544481,21,23.241555918724828,0.9035539648651968,0.07449023798512186,0.2508749117513261,0.043620438775552106,-0.14653619042438035,1.052198284251602,SVC_tuned,7,0.9033724445411048
0.8866666666666667,0.6111111111111112,0.5238095238095238,0.5641025641025641,122,7,10,11,0.5,0.8911037283130306,0.8911037283130306,21,23.202188065613896,0.9050870521613613,0.08306985995246026,0.27904136583740513,0.04907571102265405,-0.24064676851107428,0.9178909420502732,SVC_tuned,8,0.8980492243004203
0.9,0.6666666666666666,0.5714285714285714,0.6153846153846154,123,6,9,12,0.5,0.9091915836101883,0.9091915836101883,21,22.900185140525487,0.9170231537926385,0.07219319834807496,0.2474098122328373,0.04556333840683694,-0.12917149456959195,1.0407930646227448,SVC_tuned,9,0.9057680150790197
0.9,0.6666666666666666,0.5714285714285714,0.6153846153846154,123,6,9,12,0.5,0.9088224437061646,0.9088224437061646,21,23.541152935825302,0.8920548648253275,0.07508977479435863,0.25348829458927863,0.039178945244373556,-0.1643063725158742,1.058129223614533,SVC_tuned,10,0.9005272582282151
0.88,1.0,0.14285714285714285,0.25,129,0,18,3,0.5,0.8252122554448136,0.8252122554448136,21,14.81272460448629,1.4177000221579619,0.09216846655514944,0.3738297134456499,0.04124850263675805,-0.40858609952529695,0.4954620600815733,KNN_tuned,1,0.863772491663042
0.8666666666666667,1.0,0.047619047619047616,0.09090909090909091,129,0,20,1,0.5,0.8935031376891842,0.8935031376891842,21,15.190524190476188,1.382440772726336,0.08450489974332832,0.3356056069437587,0.048889208888888896,-0.052223535936874024,0.6934221212468188,KNN_tuned,2,0.8613062200956938
0.88,1.0,0.14285714285714285,0.25,129,0,18,3,0.5,0.8663713547434477,0.8663713547434477,21,15.483909967741935,1.3562465839539166,0.08644466235197695,0.3485586380383106,0.0367739335483871,-0.15132813107188822,0.6660886912823667,KNN_tuned,3,0.8743633101348411
0.8733333333333333,0.75,0.14285714285714285,0.24,128,1,18,3,0.5,0.8143226282761167,0.8143226282761167,21,15.035244597548655,1.3967182152409972,0.09196425137704045,0.4376085658617601,0.039765036016342306,-0.9219265872155136,0.24820408460584037,KNN_tuned,4,0.8792785812672177
0.88,1.0,0.14285714285714285,0.25,129,0,18,3,0.5,0.8205980066445183,0.8205980066445183,21,16.476230476190473,1.27456337967272,0.08866211818620771,0.3667577256862362,0.03460344126984129,-0.534067514139532,0.47997142190879566,KNN_tuned,5,0.8642202769319993
0.88,1.0,0.14285714285714285,0.25,129,0,18,3,0.5,0.8645256552233297,0.8645256552233297,21,15.95242495238095,1.316414279502107,0.08459560269114746,0.34488782105688076,0.03365050031746032,-0.2345836568192614,0.6175221667206577,KNN_tuned,6,0.8799304226475279
0.8866666666666667,1.0,0.19047619047619047,0.32,129,0,17,4,0.5,0.8779992617201919,0.8779992617201919,21,16.76194676190476,1.2528377698780881,0.084187439425828,0.3391756627413925,0.02825368825396826,-0.21119339814400065,0.6619205749290172,KNN_tuned,7,0.8859098521096127
0.88,0.8,0.19047619047619047,0.3076923076923077,128,1,17,4,0.5,0.8390550018456996,0.8390550018456996,21,16.666720666666663,1.2599959176132272,0.08791109777813778,0.3555175452314404,0.028888528888888904,-0.5496029476380649,0.4244037954070599,KNN_tuned,8,0.8606076555023924
0.8866666666666667,1.0,0.19047619047619047,0.32,129,0,17,4,0.5,0.8667404946474715,0.8667404946474715,21,15.14290214285714,1.38678833171392,0.0826757102950846,0.40534526068934135,0.03904731904761906,-0.7660446011839805,0.3121745600334876,KNN_tuned,9,0.8728873604465711
0.8733333333333333,1.0,0.09523809523809523,0.17391304347826086,129,0,19,2,0.5,0.9008859357696568,0.9008859357696568,21,15.709704419354843,1.3367533493582062,0.084772806104932,0.2708076949476306,0.05548405096774192,1.5636101865581116,1.7344718882056078,KNN_tuned,10,0.8580411410758302
