model,imputation,best_cv_auc,best_params
LogisticRegression,1,0.9004786138900972,"{'model__solver': 'liblinear', 'model__max_iter': 3000, 'model__C': np.float64(0.46415888336127775)}"
LogisticRegression,2,0.8955776424532406,"{'model__solver': 'liblinear', 'model__max_iter': 5000, 'model__C': np.float64(0.1)}"
LogisticRegression,3,0.9009850659707119,"{'model__solver': 'liblinear', 'model__max_iter': 5000, 'model__C': np.float64(0.1)}"
LogisticRegression,4,0.9087551109177904,"{'model__solver': 'liblinear', 'model__max_iter': 5000, 'model__C': np.float64(0.1)}"
LogisticRegression,5,0.8941609757865739,"{'model__solver': 'liblinear', 'model__max_iter': 5000, 'model__C': np.float64(0.1)}"
LogisticRegression,6,0.8975703204291721,"{'model__solver': 'liblinear', 'model__max_iter': 3000, 'model__C': np.float64(0.021544346900318832)}"
LogisticRegression,7,0.9031306365086269,"{'model__solver': 'liblinear', 'model__max_iter': 5000, 'model__C': np.float64(0.1)}"
LogisticRegression,8,0.8976050094243874,"{'model__solver': 'liblinear', 'model__max_iter': 3000, 'model__C': np.float64(0.021544346900318832)}"
LogisticRegression,9,0.9090124329418587,"{'model__solver': 'liblinear', 'model__max_iter': 5000, 'model__C': np.float64(0.1)}"
LogisticRegression,10,0.9003550094243874,"{'model__solver': 'liblinear', 'model__max_iter': 3000, 'model__C': np.float64(0.46415888336127775)}"
CatBoost,1,0.8967406481078729,"{'model__learning_rate': np.float64(0.003593813663804626), 'model__l2_leaf_reg': 10, 'model__iterations': 500, 'model__depth': 5}"
CatBoost,2,0.9025675293605916,"{'model__learning_rate': np.float64(0.003593813663804626), 'model__l2_leaf_reg': 10, 'model__iterations': 500, 'model__depth': 5}"
CatBoost,3,0.9092359359141655,"{'model__learning_rate': np.float64(0.003593813663804626), 'model__l2_leaf_reg': 10, 'model__iterations': 500, 'model__depth': 5}"
CatBoost,4,0.9048898796578222,"{'model__learning_rate': np.float64(0.003593813663804626), 'model__l2_leaf_reg': 10, 'model__iterations': 500, 'model__depth': 5}"
CatBoost,5,0.8962828403653761,"{'model__learning_rate': np.float64(0.003593813663804626), 'model__l2_leaf_reg': 10, 'model__iterations': 500, 'model__depth': 5}"
CatBoost,6,0.9047552921560099,"{'model__learning_rate': np.float64(0.003593813663804626), 'model__l2_leaf_reg': 10, 'model__iterations': 500, 'model__depth': 5}"
CatBoost,7,0.9118595403798754,"{'model__learning_rate': np.float64(0.01291549665014884), 'model__l2_leaf_reg': 10, 'model__iterations': 500, 'model__depth': 5}"
CatBoost,8,0.8980446933449325,"{'model__learning_rate': np.float64(0.003593813663804626), 'model__l2_leaf_reg': 10, 'model__iterations': 500, 'model__depth': 5}"
CatBoost,9,0.9068504784688995,"{'model__learning_rate': np.float64(0.003593813663804626), 'model__l2_leaf_reg': 10, 'model__iterations': 500, 'model__depth': 5}"
CatBoost,10,0.9036947948383356,"{'model__learning_rate': np.float64(0.003593813663804626), 'model__l2_leaf_reg': 10, 'model__iterations': 500, 'model__depth': 5}"
XGBoost,1,0.8989338118022328,"{'model__subsample': 0.8, 'model__n_estimators': 200, 'model__max_depth': 4, 'model__learning_rate': np.float64(0.01291549665014884), 'model__colsample_bytree': 0.8}"
XGBoost,2,0.8993231114977526,"{'model__subsample': 0.8, 'model__n_estimators': 200, 'model__max_depth': 4, 'model__learning_rate': np.float64(0.01291549665014884), 'model__colsample_bytree': 0.8}"
XGBoost,3,0.9092964332318398,"{'model__subsample': 1.0, 'model__n_estimators': 500, 'model__max_depth': 4, 'model__learning_rate': np.float64(0.006812920690579615), 'model__colsample_bytree': 0.8}"
XGBoost,4,0.9044333768305058,"{'model__subsample': 0.8, 'model__n_estimators': 200, 'model__max_depth': 4, 'model__learning_rate': np.float64(0.01291549665014884), 'model__colsample_bytree': 0.8}"
XGBoost,5,0.8961051906626067,"{'model__subsample': 0.8, 'model__n_estimators': 200, 'model__max_depth': 4, 'model__learning_rate': np.float64(0.01291549665014884), 'model__colsample_bytree': 0.8}"
XGBoost,6,0.9082451790633609,"{'model__subsample': 1.0, 'model__n_estimators': 500, 'model__max_depth': 4, 'model__learning_rate': np.float64(0.006812920690579615), 'model__colsample_bytree': 0.8}"
XGBoost,7,0.9069887269827461,"{'model__subsample': 0.7, 'model__n_estimators': 500, 'model__max_depth': 5, 'model__learning_rate': np.float64(0.003593813663804626), 'model__colsample_bytree': 0.8}"
XGBoost,8,0.8980052921560098,"{'model__subsample': 0.8, 'model__n_estimators': 200, 'model__max_depth': 4, 'model__learning_rate': np.float64(0.01291549665014884), 'model__colsample_bytree': 0.8}"
XGBoost,9,0.9102395969261998,"{'model__subsample': 0.8, 'model__n_estimators': 200, 'model__max_depth': 4, 'model__learning_rate': np.float64(0.01291549665014884), 'model__colsample_bytree': 0.8}"
XGBoost,10,0.9011435406698564,"{'model__subsample': 0.8, 'model__n_estimators': 200, 'model__max_depth': 4, 'model__learning_rate': np.float64(0.01291549665014884), 'model__colsample_bytree': 0.8}"
GaussianNB,1,0.8701688415253008,{'model__var_smoothing': np.float64(1e-09)}
GaussianNB,2,0.8617482601130927,{'model__var_smoothing': np.float64(1e-09)}
GaussianNB,3,0.8626277004494707,{'model__var_smoothing': np.float64(1e-09)}
GaussianNB,4,0.877148615340003,{'model__var_smoothing': np.float64(1e-09)}
GaussianNB,5,0.8610527403218791,{'model__var_smoothing': np.float64(1e-09)}
GaussianNB,6,0.8712220168189069,{'model__var_smoothing': np.float64(1e-09)}
GaussianNB,7,0.8789801181673191,{'model__var_smoothing': np.float64(1e-09)}
GaussianNB,8,0.8729402820066696,{'model__var_smoothing': np.float64(1e-09)}
GaussianNB,9,0.8713323727707699,{'model__var_smoothing': np.float64(1e-09)}
GaussianNB,10,0.8756029433086848,{'model__var_smoothing': np.float64(1e-09)}
LightGBM,1,0.8917508518196315,"{'model__subsample': 0.7, 'model__num_leaves': 7, 'model__n_estimators': 800, 'model__max_depth': 5, 'model__learning_rate': np.float64(0.003593813663804626), 'model__colsample_bytree': 1.0}"
LightGBM,2,0.8977420436421634,"{'model__subsample': 0.7, 'model__num_leaves': 7, 'model__n_estimators': 800, 'model__max_depth': 5, 'model__learning_rate': np.float64(0.003593813663804626), 'model__colsample_bytree': 1.0}"
LightGBM,3,0.9069984051036682,"{'model__subsample': 1.0, 'model__num_leaves': 31, 'model__n_estimators': 200, 'model__max_depth': 10, 'model__learning_rate': np.float64(0.01291549665014884), 'model__colsample_bytree': 0.8}"
LightGBM,4,0.9037438741481804,"{'model__subsample': 0.7, 'model__num_leaves': 7, 'model__n_estimators': 800, 'model__max_depth': 5, 'model__learning_rate': np.float64(0.003593813663804626), 'model__colsample_bytree': 1.0}"
LightGBM,5,0.8877042192257504,"{'model__subsample': 0.7, 'model__num_leaves': 7, 'model__n_estimators': 800, 'model__max_depth': 5, 'model__learning_rate': np.float64(0.003593813663804626), 'model__colsample_bytree': 1.0}"
LightGBM,6,0.9044498513846598,"{'model__subsample': 0.7, 'model__num_leaves': 7, 'model__n_estimators': 800, 'model__max_depth': 5, 'model__learning_rate': np.float64(0.003593813663804626), 'model__colsample_bytree': 1.0}"
LightGBM,7,0.9005007612005219,"{'model__subsample': 0.7, 'model__num_leaves': 7, 'model__n_estimators': 800, 'model__max_depth': 5, 'model__learning_rate': np.float64(0.003593813663804626), 'model__colsample_bytree': 1.0}"
LightGBM,8,0.892325902566333,"{'model__subsample': 0.7, 'model__num_leaves': 7, 'model__n_estimators': 800, 'model__max_depth': 5, 'model__learning_rate': np.float64(0.003593813663804626), 'model__colsample_bytree': 1.0}"
LightGBM,9,0.9089712918660287,"{'model__subsample': 0.7, 'model__num_leaves': 7, 'model__n_estimators': 800, 'model__max_depth': 5, 'model__learning_rate': np.float64(0.003593813663804626), 'model__colsample_bytree': 1.0}"
LightGBM,10,0.8955529759315646,"{'model__subsample': 0.7, 'model__num_leaves': 7, 'model__n_estimators': 800, 'model__max_depth': 5, 'model__learning_rate': np.float64(0.003593813663804626), 'model__colsample_bytree': 1.0}"
RandomForest,1,0.9020601167174134,"{'model__n_estimators': 500, 'model__min_samples_split': 10, 'model__min_samples_leaf': 1, 'model__max_features': 'sqrt', 'model__max_depth': None}"
RandomForest,2,0.9037744671596346,"{'model__n_estimators': 300, 'model__min_samples_split': 5, 'model__min_samples_leaf': 5, 'model__max_features': 'log2', 'model__max_depth': 10}"
RandomForest,3,0.9092157097288677,"{'model__n_estimators': 300, 'model__min_samples_split': 5, 'model__min_samples_leaf': 2, 'model__max_features': 'log2', 'model__max_depth': None}"
RandomForest,4,0.9091562635928664,"{'model__n_estimators': 800, 'model__min_samples_split': 5, 'model__min_samples_leaf': 1, 'model__max_features': 'sqrt', 'model__max_depth': 10}"
RandomForest,5,0.900164636798608,"{'model__n_estimators': 300, 'model__min_samples_split': 3, 'model__min_samples_leaf': 2, 'model__max_features': 'sqrt', 'model__max_depth': 5}"
RandomForest,6,0.9109396476729013,"{'model__n_estimators': 500, 'model__min_samples_split': 10, 'model__min_samples_leaf': 1, 'model__max_features': 'sqrt', 'model__max_depth': None}"
RandomForest,7,0.9154336305640133,"{'model__n_estimators': 800, 'model__min_samples_split': 5, 'model__min_samples_leaf': 1, 'model__max_features': 'sqrt', 'model__max_depth': 10}"
RandomForest,8,0.9039053936494128,"{'model__n_estimators': 800, 'model__min_samples_split': 5, 'model__min_samples_leaf': 1, 'model__max_features': 'sqrt', 'model__max_depth': 10}"
RandomForest,9,0.9105989923154993,"{'model__n_estimators': 300, 'model__min_samples_split': 10, 'model__min_samples_leaf': 2, 'model__max_features': 'sqrt', 'model__max_depth': None}"
RandomForest,10,0.9053082862113963,"{'model__n_estimators': 500, 'model__min_samples_split': 10, 'model__min_samples_leaf': 1, 'model__max_features': 'sqrt', 'model__max_depth': None}"
SVC,1,0.8999768740031898,"{'model__gamma': 'auto', 'model__C': np.float64(0.46415888336127775)}"
SVC,2,0.8927535522691026,"{'model__gamma': 'auto', 'model__C': np.float64(0.1)}"
SVC,3,0.8964787951283167,"{'model__gamma': 'auto', 'model__C': np.float64(0.1)}"
SVC,4,0.9040565463244888,"{'model__gamma': 'auto', 'model__C': np.float64(0.46415888336127775)}"
SVC,5,0.8895054733942294,"{'model__gamma': 'auto', 'model__C': np.float64(0.46415888336127775)}"
SVC,6,0.8936803320284181,"{'model__gamma': 'auto', 'model__C': np.float64(0.46415888336127775)}"
SVC,7,0.9033724445411048,"{'model__gamma': 'auto', 'model__C': np.float64(0.46415888336127775)}"
SVC,8,0.8980492243004203,"{'model__gamma': 'auto', 'model__C': np.float64(0.46415888336127775)}"
SVC,9,0.9057680150790197,"{'model__gamma': 'auto', 'model__C': np.float64(0.46415888336127775)}"
SVC,10,0.9005272582282151,"{'model__gamma': 'auto', 'model__C': np.float64(0.46415888336127775)}"
KNN,1,0.863772491663042,"{'model__weights': 'distance', 'model__p': 1, 'model__n_neighbors': 31}"
KNN,2,0.8613062200956938,"{'model__weights': 'uniform', 'model__p': 2, 'model__n_neighbors': 21}"
KNN,3,0.8743633101348411,"{'model__weights': 'uniform', 'model__p': 1, 'model__n_neighbors': 31}"
KNN,4,0.8792785812672177,"{'model__weights': 'distance', 'model__p': 1, 'model__n_neighbors': 31}"
KNN,5,0.8642202769319993,"{'model__weights': 'uniform', 'model__p': 1, 'model__n_neighbors': 21}"
KNN,6,0.8799304226475279,"{'model__weights': 'uniform', 'model__p': 1, 'model__n_neighbors': 21}"
KNN,7,0.8859098521096127,"{'model__weights': 'uniform', 'model__p': 1, 'model__n_neighbors': 21}"
KNN,8,0.8606076555023924,"{'model__weights': 'uniform', 'model__p': 1, 'model__n_neighbors': 15}"
KNN,9,0.8728873604465711,"{'model__weights': 'uniform', 'model__p': 1, 'model__n_neighbors': 21}"
KNN,10,0.8580411410758302,"{'model__weights': 'uniform', 'model__p': 1, 'model__n_neighbors': 31}"
