accuracy,precision,recall,f1,roc_auc_score,auc,c_statistic,brier_score,observed,expected,observed_expected,calibration_intercept,calibration_slope,tn,fp,fn,tp,threshold,model,imputation
0.8457446808510638,0.45714285714285713,0.6153846153846154,0.5245901639344263,0.7609211775878443,0.7609211775878443,0.7609211775878443,0.1387146785158252,26,60.0014426421691,0.43332291450151167,-1.7726846594611367,0.5503590360132024,143,19,10,16,0.5,LogisticRegression,1
0.8031914893617021,0.36585365853658536,0.5769230769230769,0.44776119402985076,0.7752849002849003,0.7752849002849003,0.7752849002849003,0.12655133925898954,26,58.17425224888808,0.4469331189469127,-1.782531094948491,0.4302140386932568,136,26,11,15,0.5,LogisticRegression,2
0.8297872340425532,0.425,0.6538461538461539,0.5151515151515151,0.7960588793922128,0.7960588793922128,0.7960588793922128,0.12752221505835584,26,58.095409347582454,0.4475396643552861,-1.6370089769914373,0.7194100384013158,139,23,9,17,0.5,LogisticRegression,3
0.8351063829787234,0.43243243243243246,0.6153846153846154,0.5079365079365079,0.7915479582146249,0.7915479582146249,0.7915479582146249,0.12442793642787627,26,59.352810402898285,0.4380584478394031,-1.6445712964411883,0.7947971117200286,141,21,10,16,0.5,LogisticRegression,4
0.8297872340425532,0.4166666666666667,0.5769230769230769,0.4838709677419355,0.7827635327635328,0.7827635327635328,0.7827635327635328,0.12893172596098446,26,58.87873185771311,0.44158559771348066,-1.6784242387542894,0.7083918588901711,141,21,11,15,0.5,LogisticRegression,5
0.8138297872340425,0.3902439024390244,0.6153846153846154,0.47761194029850745,0.7739791073124408,0.7739791073124408,0.7739791073124408,0.14377097390307597,26,58.795617903115335,0.44220982663781766,-1.8237337306017412,0.36911235786097846,137,25,10,16,0.5,LogisticRegression,6
0.851063829787234,0.47058823529411764,0.6153846153846154,0.5333333333333333,0.8022317188983855,0.8022317188983855,0.8022317188983855,0.12195194879605877,26,58.26259993954024,0.4462554027280021,-1.639777485162408,0.7678828327864909,144,18,10,16,0.5,LogisticRegression,7
0.8085106382978723,0.375,0.5769230769230769,0.45454545454545453,0.7894112060778729,0.7894112060778729,0.7894112060778729,0.13859105007632383,26,60.42182448347514,0.43030809185695446,-1.739488679424625,0.620964420516121,137,25,11,15,0.5,LogisticRegression,8
0.8191489361702128,0.39473684210526316,0.5769230769230769,0.46875,0.7692307692307692,0.7692307692307692,0.7692307692307692,0.12840217343218377,26,58.75679003780926,0.4425020492656138,-1.6300064603007953,0.7146073428467512,139,23,11,15,0.5,LogisticRegression,9
0.8297872340425532,0.4166666666666667,0.5769230769230769,0.4838709677419355,0.7727920227920229,0.7727920227920229,0.7727920227920229,0.12671035656616902,26,57.41352043971711,0.4528550035056535,-1.6417114178182044,0.6821542181048628,141,21,11,15,0.5,LogisticRegression,10
0.8829787234042553,0.6666666666666666,0.3076923076923077,0.42105263157894735,0.8418803418803419,0.8418803418803419,0.8418803418803419,0.08434704255319149,26,20.854,1.2467632108947924,0.31231928809543696,0.9755705628713529,158,4,18,8,0.5,RandomForest,1
0.8829787234042553,0.6666666666666666,0.3076923076923077,0.42105263157894735,0.8055555555555556,0.8055555555555556,0.8055555555555556,0.08627206382978723,26,20.106,1.2931463244802546,0.1892987877879833,0.8739677055640566,158,4,18,8,0.5,RandomForest,2
0.8882978723404256,0.7777777777777778,0.2692307692307692,0.4,0.8488841405508073,0.8488841405508073,0.8488841405508073,0.08291702127659575,26,20.068,1.295594977077935,0.5867529075704124,1.1099579629225154,160,2,19,7,0.5,RandomForest,3
0.8882978723404256,0.7272727272727273,0.3076923076923077,0.43243243243243246,0.8302469135802469,0.8302469135802469,0.8302469135802469,0.08204608510638298,26,20.344,1.2780180888714117,-0.06803930001972919,0.7512335220532638,159,3,18,8,0.5,RandomForest,4
0.898936170212766,0.8888888888888888,0.3076923076923077,0.45714285714285713,0.8360636277302942,0.8360636277302942,0.8360636277302942,0.08255091489361702,26,19.366,1.3425591242383559,0.4728349778229675,1.0073734531169152,161,1,18,8,0.5,RandomForest,5
0.8723404255319149,0.6,0.23076923076923078,0.3333333333333333,0.8364197530864198,0.8364197530864198,0.8364197530864198,0.08420546808510639,26,20.894,1.2443763759931081,0.22460736809146756,0.9253702066865931,158,4,20,6,0.5,RandomForest,6
0.8882978723404256,0.6923076923076923,0.34615384615384615,0.46153846153846156,0.8351139601139601,0.8351139601139601,0.8351139601139601,0.08368721276595743,26,20.634,1.2600562178927983,0.30931743327311895,0.9658697258869864,158,4,17,9,0.5,RandomForest,7
0.8776595744680851,0.6153846153846154,0.3076923076923077,0.41025641025641024,0.8294159544159544,0.8294159544159544,0.8294159544159544,0.08622693617021275,26,20.680000000000003,1.2572533849129592,0.25401374345113453,0.9324664483138627,157,5,18,8,0.5,RandomForest,8
0.8936170212765957,0.8,0.3076923076923077,0.4444444444444444,0.8329772079772081,0.8329772079772081,0.8329772079772081,0.08331885106382979,26,19.608,1.3259893920848633,0.45155718862866495,1.0066686486431213,160,2,18,8,0.5,RandomForest,9
0.898936170212766,0.8181818181818182,0.34615384615384615,0.4864864864864865,0.8258547008547008,0.8258547008547008,0.8258547008547008,0.08217995744680852,26,19.8,1.3131313131313131,0.43364307211623465,1.0024265646741806,160,2,17,9,0.5,RandomForest,10
0.898936170212766,1.0,0.2692307692307692,0.42424242424242425,0.7460826210826212,0.7460826210826212,0.7460826210826212,0.0925531914893617,26,20.599999999999998,1.2621359223300972,-1.1324952432096225,0.18937553511371547,162,0,19,7,0.5,KNN,1
0.8936170212765957,0.875,0.2692307692307692,0.4117647058823529,0.7324311490978157,0.7324311490978157,0.7324311490978157,0.095177304964539,26,20.666666666666664,1.2580645161290325,-1.2654478474210327,0.13834550511920776,161,1,19,7,0.5,KNN,2
0.898936170212766,1.0,0.2692307692307692,0.42424242424242425,0.741690408357075,0.741690408357075,0.741690408357075,0.09085106382978725,26,19.4,1.3402061855670104,-1.0568836795289585,0.19727039377982478,162,0,19,7,0.5,KNN,3
0.898936170212766,1.0,0.2692307692307692,0.42424242424242425,0.7356362773029439,0.7356362773029439,0.7356362773029439,0.0888179669030733,26,20.466666666666665,1.2703583061889252,-1.2980749555556617,0.12833783102196317,162,0,19,7,0.5,KNN,4
0.898936170212766,1.0,0.2692307692307692,0.42424242424242425,0.7401471984805319,0.7401471984805319,0.7401471984805319,0.09063829787234044,26,20.4,1.2745098039215688,-1.0066402175308695,0.25024268174539593,162,0,19,7,0.5,KNN,5
0.8936170212765957,0.875,0.2692307692307692,0.4117647058823529,0.6817426400759734,0.6817426400759734,0.6817426400759734,0.09806146572104021,26,21.999999999999996,1.181818181818182,-1.452779160356467,0.08731024625613582,161,1,19,7,0.5,KNN,6
0.898936170212766,1.0,0.2692307692307692,0.42424242424242425,0.742283950617284,0.742283950617284,0.742283950617284,0.08867612293144209,26,19.666666666666664,1.322033898305085,-1.113155852316256,0.16934759855994386,162,0,19,7,0.5,KNN,7
0.898936170212766,1.0,0.2692307692307692,0.42424242424242425,0.7400284900284899,0.7400284900284899,0.7400284900284899,0.090354609929078,26,19.46666666666666,1.3356164383561648,-1.1807547016661448,0.16013566334630297,162,0,19,7,0.5,KNN,8
0.898936170212766,1.0,0.2692307692307692,0.42424242424242425,0.7224596391263058,0.7224596391263058,0.7224596391263058,0.09094562647754138,26,20.999999999999996,1.2380952380952384,-1.246147120122949,0.1503321521134006,162,0,19,7,0.5,KNN,9
0.898936170212766,1.0,0.2692307692307692,0.42424242424242425,0.7727920227920229,0.7727920227920229,0.7727920227920229,0.08744680851063831,26,20.599999999999994,1.2621359223300974,-0.9621286881860678,0.25925112940410516,162,0,19,7,0.5,KNN,10
0.8829787234042553,0.75,0.23076923076923078,0.35294117647058826,0.7343304843304844,0.7343304843304844,0.7343304843304844,0.09406128601326352,26,26.126124874909074,0.9951724614533172,-0.0827273645370325,0.9557057211972945,160,2,20,6,0.5,SVC,1
0.8882978723404256,0.7777777777777778,0.2692307692307692,0.4,0.7656695156695157,0.7656695156695157,0.7656695156695157,0.09206805596454573,26,25.883469262417282,1.004502129772531,-0.036483305762649076,0.9747655028683875,160,2,19,7,0.5,SVC,2
0.8882978723404256,0.8571428571428571,0.23076923076923078,0.36363636363636365,0.7651946818613485,0.7651946818613485,0.7651946818613485,0.08983372127731554,26,26.187168508120568,0.992852663392664,0.17076130200550665,1.1075103055157212,161,1,20,6,0.5,SVC,3
0.8936170212765957,0.8,0.3076923076923077,0.4444444444444444,0.7537986704653371,0.7537986704653371,0.7537986704653371,0.08977251908493589,26,27.097101492446598,0.9595122196832595,-0.05062274744544293,1.0076152683851753,160,2,18,8,0.5,SVC,4
0.8936170212765957,0.8,0.3076923076923077,0.4444444444444444,0.7483380816714149,0.7483380816714149,0.7483380816714149,0.08822622897477388,26,26.93384440466239,0.9653282171444958,0.0023347334947135066,1.0341603234008163,160,2,18,8,0.5,SVC,5
0.8723404255319149,0.5833333333333334,0.2692307692307692,0.3684210526315789,0.762108262108262,0.762108262108262,0.762108262108262,0.09789922123776675,26,27.478462661610287,0.9461955830711074,-1.0824418374334233,0.4277221570309293,157,5,19,7,0.5,SVC,6
0.8776595744680851,0.6363636363636364,0.2692307692307692,0.3783783783783784,0.7464387464387464,0.7464387464387464,0.7464387464387464,0.09396667293293542,26,26.64091861291546,0.9759423230772252,-0.1601764939717948,0.9256701003518658,158,4,19,7,0.5,SVC,7
0.8829787234042553,0.75,0.23076923076923078,0.35294117647058826,0.7518993352326686,0.7518993352326686,0.7518993352326686,0.09473273993255514,26,25.696037476968822,1.0118291593909612,-0.11234485933338625,0.9248147180200815,160,2,20,6,0.5,SVC,8
0.8829787234042553,0.7,0.2692307692307692,0.3888888888888889,0.7673314339981007,0.7673314339981007,0.7673314339981007,0.09199351607330808,26,25.237064958867112,1.0302307357205114,0.18538449679505847,1.0805362910973932,159,3,19,7,0.5,SVC,9
0.8936170212765957,0.8,0.3076923076923077,0.4444444444444444,0.7340930674264007,0.7340930674264007,0.7340930674264007,0.09035025015874625,26,26.02753832973802,0.9989419541183978,0.0250864795327626,1.015750698135167,160,2,18,8,0.5,SVC,10
0.8670212765957447,0.5217391304347826,0.46153846153846156,0.4897959183673469,0.7870370370370371,0.7870370370370371,0.7870370370370371,0.12098899774007206,26,23.03445228674379,1.1287440081639306,-1.1063172126682972,0.13091360830405993,151,11,14,12,0.5,GaussianNB,1
0.8563829787234043,0.4782608695652174,0.4230769230769231,0.4489795918367347,0.7796771130104464,0.7796771130104464,0.7796771130104464,0.13002643459187418,26,23.77001124482792,1.0938152166695883,-1.0951756230877094,0.13354547042083878,150,12,15,11,0.5,GaussianNB,2
0.8617021276595744,0.5,0.5,0.5,0.7958214624881291,0.7958214624881291,0.7958214624881291,0.12392754546924047,26,25.138684273222765,1.034262561931083,-1.0720044023336541,0.1367490116001009,149,13,13,13,0.5,GaussianNB,3
0.851063829787234,0.4583333333333333,0.4230769230769231,0.44,0.7898860398860399,0.7898860398860399,0.7898860398860399,0.13496930232716836,26,25.773216149764018,1.0087992064676048,-1.1196953913792194,0.13223311554128542,149,13,15,11,0.5,GaussianNB,4
0.8723404255319149,0.5454545454545454,0.46153846153846156,0.5,0.7958214624881292,0.7958214624881292,0.7958214624881292,0.11649975612265204,26,22.672175375074268,1.1467801201195864,-1.0207040958179918,0.14366940113125642,152,10,14,12,0.5,GaussianNB,5
0.8563829787234043,0.48148148148148145,0.5,0.49056603773584906,0.7875118708452042,0.7875118708452042,0.7875118708452042,0.13631473720966436,26,27.651911265662967,0.9402605031604363,-1.1857037756098157,0.1260109224997759,148,14,13,13,0.5,GaussianNB,6
0.8563829787234043,0.48148148148148145,0.5,0.49056603773584906,0.7849002849002849,0.7849002849002849,0.7849002849002849,0.13748640198039638,26,25.99185746333345,1.0003132725961597,-1.0996023600911025,0.13271695814117238,148,14,13,13,0.5,GaussianNB,7
0.8457446808510638,0.44,0.4230769230769231,0.43137254901960786,0.7834757834757835,0.7834757834757835,0.7834757834757835,0.13774368612031537,26,25.528934032560226,1.0184522380307366,-1.1553712244779526,0.12617302462164504,148,14,15,11,0.5,GaussianNB,8
0.8776595744680851,0.5714285714285714,0.46153846153846156,0.5106382978723404,0.806386514719848,0.806386514719848,0.806386514719848,0.11611381930610004,26,21.529827647785357,1.207626945526174,-0.9863264206739129,0.1462591818592683,153,9,14,12,0.5,GaussianNB,9
0.8563829787234043,0.48,0.46153846153846156,0.47058823529411764,0.7985517568850902,0.7985517568850902,0.7985517568850902,0.13231537910525665,26,25.28977112612351,1.02808364181449,-1.0606036736745246,0.1401401161345318,149,13,14,12,0.5,GaussianNB,10
0.9095744680851063,0.8,0.46153846153846156,0.5853658536585366,0.8179012345679012,0.8179012345679012,0.8179012345679012,0.0870498831178657,26,19.649597131065093,1.323182344481517,-0.22161087510319183,0.5898996522779102,159,3,14,12,0.5,XGBoost,1
0.898936170212766,0.7692307692307693,0.38461538461538464,0.5128205128205128,0.7991452991452992,0.7991452991452992,0.7991452991452992,0.0873905822136042,26,18.45123727916507,1.40911959488803,-0.1871950029859803,0.56358617819544,159,3,16,10,0.5,XGBoost,2
0.898936170212766,0.7692307692307693,0.38461538461538464,0.5128205128205128,0.837369420702754,0.837369420702754,0.837369420702754,0.08305067110558485,26,17.579683555843076,1.4789799780757833,0.13793513453056425,0.6795618190294757,159,3,16,10,0.5,XGBoost,3
0.9095744680851063,0.8461538461538461,0.4230769230769231,0.5641025641025641,0.8176638176638177,0.8176638176638177,0.8176638176638177,0.08381523856201849,26,17.922315326111857,1.4507054209742303,-0.04566724178455022,0.6266716446403907,160,2,15,11,0.5,XGBoost,4
0.9202127659574468,0.8666666666666667,0.5,0.6341463414634146,0.8252611585944919,0.8252611585944919,0.8252611585944919,0.07642648534018376,26,17.80994407593971,1.4598585986086627,0.12122735568464016,0.6656605206007702,160,2,13,13,0.5,XGBoost,5
0.9042553191489362,0.7857142857142857,0.4230769230769231,0.55,0.8554131054131054,0.8554131054131054,0.8554131054131054,0.08608059596876992,26,19.53484926436795,1.3309547285539922,-0.18862712719995967,0.595762793511042,159,3,15,11,0.5,XGBoost,6
0.9095744680851063,0.8,0.46153846153846156,0.5853658536585366,0.8461538461538463,0.8461538461538463,0.8461538461538463,0.08398058019341481,26,18.93522567715263,1.3731021981624318,-0.041572835545620294,0.6455184900618889,159,3,14,12,0.5,XGBoost,7
0.898936170212766,0.7692307692307693,0.38461538461538464,0.5128205128205128,0.8233618233618234,0.8233618233618234,0.8233618233618234,0.08722564885174176,26,19.445901172235608,1.337042689341761,-0.202334281431869,0.5930407240061046,159,3,16,10,0.5,XGBoost,8
0.9042553191489362,0.8333333333333334,0.38461538461538464,0.5263157894736842,0.8079297245963913,0.8079297245963913,0.8079297245963913,0.08278673149564802,26,17.26976479307632,1.5055213728460128,-0.03626341312970637,0.5940911062591441,160,2,16,10,0.5,XGBoost,9
0.9042553191489362,0.7857142857142857,0.4230769230769231,0.55,0.8050807217473884,0.8050807217473884,0.8050807217473884,0.07803711051991799,26,18.256658423430054,1.4241379444681055,-0.0001200292529593759,0.641592295649929,159,3,15,11,0.5,XGBoost,10
0.8882978723404256,0.6470588235294118,0.4230769230769231,0.5116279069767442,0.7948717948717949,0.7948717948717949,0.7948717948717949,0.10130908469003023,26,16.796757967348654,1.5479177619003381,-0.4994403429453971,0.22982733686053378,156,6,15,11,0.5,LightGBM,1
0.8936170212765957,0.6875,0.4230769230769231,0.5238095238095238,0.7929724596391263,0.7929724596391263,0.7929724596391263,0.09357728664002501,26,17.165257349560395,1.514687456792826,-0.44676549340106414,0.2333673732693219,157,5,15,11,0.5,LightGBM,2
0.9042553191489362,0.75,0.46153846153846156,0.5714285714285714,0.8395061728395062,0.8395061728395062,0.8395061728395062,0.09165559214657518,26,16.76140970435224,1.5511821773110697,-0.23014179562624698,0.26903560505029,158,4,14,12,0.5,LightGBM,3
0.9042553191489362,0.7857142857142857,0.4230769230769231,0.55,0.8029439696106362,0.8029439696106362,0.8029439696106362,0.08748529861047402,26,15.15464396284312,1.7156457165043297,-0.19580926862479064,0.27329830710400876,159,3,15,11,0.5,LightGBM,4
0.9202127659574468,0.8666666666666667,0.5,0.6341463414634146,0.8219373219373219,0.8219373219373219,0.8219373219373219,0.07877916346208397,26,16.498898489144818,1.5758627775730774,-0.17781333354648968,0.2817812218906723,160,2,13,13,0.5,LightGBM,5
0.898936170212766,0.7333333333333333,0.4230769230769231,0.5365853658536586,0.8475783475783476,0.8475783475783476,0.8475783475783476,0.09315429033927738,26,15.720459948167164,1.6538956293725566,-0.30943358139581756,0.2591187027875681,158,4,15,11,0.5,LightGBM,6
0.9042553191489362,0.75,0.46153846153846156,0.5714285714285714,0.8143399810066476,0.8143399810066476,0.8143399810066476,0.08950842617509384,26,16.553956223394415,1.5706215269106625,-0.40832279986020265,0.25006194807056764,158,4,14,12,0.5,LightGBM,7
0.9095744680851063,0.7647058823529411,0.5,0.6046511627906976,0.817426400759734,0.817426400759734,0.817426400759734,0.08590132559233593,26,16.603582241024792,1.5659271368414802,-0.29420626713337183,0.27310499652697634,158,4,13,13,0.5,LightGBM,8
0.9148936170212766,0.8571428571428571,0.46153846153846156,0.6,0.8155270655270656,0.8155270655270656,0.8155270655270656,0.07998010400244208,26,15.041432457070542,1.7285587708621564,-0.23015817580217623,0.2622747882970059,160,2,14,12,0.5,LightGBM,9
0.9148936170212766,0.8125,0.5,0.6190476190476191,0.8160018993352327,0.8160018993352327,0.8160018993352327,0.08414047198508828,26,16.78490421376948,1.5490109248684854,-0.33579896430219,0.25975704475776046,159,3,13,13,0.5,LightGBM,10
0.8776595744680851,0.56,0.5384615384615384,0.5490196078431373,0.8257359924026592,0.8257359924026592,0.8257359924026592,0.09496787594992283,26,32.02002531793471,0.8119918626496888,-0.8746193037287056,0.6089701656093546,151,11,12,14,0.5,CatBoost,1
0.8936170212765957,0.65,0.5,0.5652173913043478,0.8259734093067427,0.8259734093067427,0.8259734093067427,0.08750919358843469,26,30.161174652512106,0.862035391510671,-0.8284145544472139,0.6051493829787421,155,7,13,13,0.5,CatBoost,2
0.898936170212766,0.6842105263157895,0.5,0.5777777777777777,0.845679012345679,0.845679012345679,0.845679012345679,0.0788026345396251,26,29.50767140734974,0.8811267972004035,-0.5760983086158581,0.7467666762946381,156,6,13,13,0.5,CatBoost,3
0.898936170212766,0.6666666666666666,0.5384615384615384,0.5957446808510638,0.8366571699905033,0.8366571699905033,0.8366571699905033,0.0882806369679276,26,31.68587287879284,0.8205549551832495,-0.8239889271279179,0.6502634596209081,155,7,12,14,0.5,CatBoost,4
0.8882978723404256,0.6190476190476191,0.5,0.5531914893617021,0.8271604938271605,0.8271604938271605,0.8271604938271605,0.0838094346381636,26,29.775344516341328,0.8732056814902901,-0.6964764580053456,0.6652826171818595,154,8,13,13,0.5,CatBoost,5
0.898936170212766,0.6521739130434783,0.5769230769230769,0.6122448979591837,0.8466286799620134,0.8466286799620134,0.8466286799620134,0.08685282411544043,26,31.684300120343494,0.8205956862309298,-0.8205038407733553,0.6256295630898087,154,8,11,15,0.5,CatBoost,6
0.8829787234042553,0.5909090909090909,0.5,0.5416666666666666,0.8200379867046534,0.8200379867046534,0.8200379867046534,0.09077082893292295,26,31.290794798439613,0.830915295296256,-0.8353267167026582,0.6100192379595736,153,9,13,13,0.5,CatBoost,7
0.8829787234042553,0.5833333333333334,0.5384615384615384,0.56,0.8333333333333334,0.8333333333333334,0.8333333333333334,0.0914751266857098,26,31.0567588954308,0.8371768634178124,-0.835516102368723,0.6171828202190973,152,10,12,14,0.5,CatBoost,8
0.898936170212766,0.6666666666666666,0.5384615384615384,0.5957446808510638,0.8361823361823363,0.8361823361823363,0.8361823361823363,0.08048632505899163,26,28.75643919153991,0.9041453229594973,-0.6268051490509803,0.686617900254209,155,7,12,14,0.5,CatBoost,9
0.8882978723404256,0.6190476190476191,0.5,0.5531914893617021,0.8110161443494777,0.8110161443494777,0.8110161443494777,0.08418489376388116,26,28.824107410552557,0.902022728047473,-0.7092364462451853,0.6364293290730513,154,8,13,13,0.5,CatBoost,10
